epoch,training accuracy,training loss,training error,validation accuracy,validation loss,validation error,learning rate,time,test accuracy,test loss,test error
1,0.4508,1.4676,1.3359,0.5827,1.1893,1.0888,0.0010000,1691,,,
2,0.5306,1.3412,1.2021,0.5932,1.1574,1.0718,0.0010000,3442,,,
3,0.5735,1.0292,0.9873,0.6027,1.1275,1.0515,0.0010000,5183,,,
4,0.5857,1.1993,1.0630,0.6137,1.0912,1.0257,0.0010000,6864,,,
5,0.5964,0.9911,0.9190,0.6295,1.0483,0.9966,0.0010000,8540,,,
